MaritalStatus,age,edu_status,jznx,sqjkqx,xykpjsy6m,num_card,lsyq,zsjll,zsmll,cshk,sxze,wdhj,bdfc,yqsj,yjfzhke,zwze,kzpsr,yjsr,dizhi,zhiye,yhls,susong,spsxed,yq
已婚,e,UN,h,2,0.023716527,3,has,0.5,0.7,3,0.916290732,否,是,1,6.2,5.171052016,2.2,12,y,y,3.688879454,否,11,0
已婚,m,初中以下,h,3,2.513656063,10,has,0.18,0.25,2,2.576421759,是,是,1,4.7,4.348986781,6.2,15.6,y,y,4.39222446,否,20,1
已婚,m,小学毕业,h,4,0.641853886,5,no,0.25,0.55,1,1.16315081,否,是,0,0.15,0.993251773,0.69,1.2,y,y,1.098612289,否,5,0
离异,m,UN,m,3,0.875468737,17,has,0.2,0.25,4,1.791759469,是,否,6,2.47,3.740047741,21.799,34.67,UN,y,4.018183201,否,10,0
已婚,m,UN,h,2,3.310543013,6,has,0.25,0.4,3,3.60004824,否,是,1,12.07,6.440946541,15.54,39.4,y,y,5.303304908,否,20,0
已婚,t,本科,m,2,1.808288771,9,has,0.45,0.55,5,2.549445171,否,是,1,0.9,2.028148247,0.92,2.6,UN,y,2.186051277,否,10,0
已婚,m,UN,h,2,2.442347035,7,has,0.15,0.18,3,2.610069793,否,是,1,4.4,3.912023005,1.9,8.96,UN,y,4.227881371,否,20,0
已婚,e,高中,h,2,2.111920832,5,no,0,0,1.5,3.000555622,否,是,0,0,0.631271777,0.4,1.2,y,y,0.78845736,否,4,0
离异,m,UN,h,2,0,1,has,0.15,0.17,1,0.09531018,否,否,1,1.195867052,3.647937269,0.5,2,UN,UN,4.997212274,否,10,1
已婚,t,本科,h,2,2.261763098,28,has,0.3,0.35,2,3.473828073,是,是,1,7.9,4.699570861,20.1,40,y,y,6.269986039,否,20,0
未婚,t,专科,h,4,0.431782416,4,no,0,0,0.3,2.501435952,否,否,0,0.02,0.182321557,0.21,0.3,y,y,0.285178942,否,3,0
已婚,e,UN,h,2,2.32238772,24,has,0.3,0.4,3,3.010620886,是,是,1,4.5,4.458987676,0.77,8.8,y,UN,3.266511037,否,20,0
已婚,e,小学,h,2,0.518793793,1,has,0.12,0.14,5,0.78845736,是,否,1,3.56,5.109575242,4.56,11.64,y,y,3.876847539,否,18,1
已婚,t,UN,h,2,1.360976553,3,has,0,0,0.5,1.791759469,否,是,1,0,0.91228271,0.9,1.6,y,y,0.988388113,否,4,0
已婚,m,UN,m,2,2.772588722,14,has,0.2,0.3,3,3.370738174,否,是,1,9.2,5.09681299,1.59,15.4,y,y,4.414816861,否,14,0
已婚,y,高中,h,2,0.444429378,3,no,0.53,0.6,2,0.641853886,否,是,0,1,2.43501588,0.61,2.3,y,y,1.650579856,否,8,0
离异,e,初中以下,h,3,1.358409158,4,no,0.1,0.3,2,1.589235205,否,是,0,1.25,2.803360381,0.57,2.6,y,y,3.673765816,否,10,1
已婚,e,专科,h,2,0.086177696,4,no,0,0,1,0.693147181,否,是,0,0,0,1.2,1.2,y,y,2.14645746,否,4,0
离异,e,UN,h,2,2.208274414,26,no,0.25,0.35,2,2.397895273,是,是,0,4.19,4.421247348,3.68,11.25,y,UN,3.11402629,否,10,1
已婚,t,本科,h,2,1.349007776,2,no,0.1,0.15,4,1.526056303,否,是,0,3,3.607669399,2.1,7.3,n,y,3.361069591,否,15,1
已婚,m,UN,h,2,1.504077397,5,has,0.35,0.7,3,1.774952351,否,是,1,5.8,4.230476737,0.92,9.6,y,y,3.172572167,否,20,0
已婚,t,UN,h,2,0.207014169,2,has,0.07,0.1,2,0.693147181,是,否,1,7.93,4.421247348,2.08,14.3,y,y,5.003946306,否,20,0
已婚,m,UN,h,2,3.039749159,16,has,0.3,0.38,3,3.370738174,否,是,1,5,4.832066686,0.82,8.31,n,y,3.461432908,否,10,1
离异,m,高中,m,4,1.790692233,7,has,0,0,1.5,2.174751721,否,否,1,0.6,2.014903021,0.73,9,y,y,3.9213791,否,16,1
离异,e,UN,h,2,1.85629799,6,has,0.18,0.3,2,1.916922612,否,是,1,0,5.037601742,10,18,y,n,3.641132496,否,4,1
离异,e,UN,m,2,2.32238772,18,no,0.15,0.25,4,3.173878459,否,否,0,0,4.077537444,11.2,20,UN,UN,4.630427517,否,4,0
已婚,t,本科,m,2,0.292669614,4,has,0.1,0.2,10,1.335001067,是,否,1,5.2,4.480740108,1.66,9.8,y,y,4.9698133,否,20,0
已婚,e,高中,h,2,1.62924054,4,no,0.1,0.13,2,1.648658626,否,是,0,6.16,4.315886832,1.19,10.5,n,y,4.809742352,否,10,1
已婚,m,高中及以下,m,6,2.36434789,7,no,0,0,1,2.332153604,否,是,0,0,4.364371699,10.5,15,y,y,3.617033644,否,4.5,0
已婚,e,中等专业学校或中等技术学校,h,2,1.526056303,7,no,0.25,0.4,3,2.879198457,否,是,0,0,3.370050653,0.5,1.9,y,y,1.064710737,否,4,0
已婚,t,专科,l,4,2.28088126,11,has,0,0,1.5,3.077312261,否,否,1,0,2.923161581,1.2,2.64,y,y,2.890371758,否,9,0
已婚,m,高中及以下,m,2,1.335001067,7,has,0.3,0.4,0.7,2.151762203,否,是,1,0,1.184789985,2,2.8,y,y,2.014903021,否,4,0
离异,y,本科,l,2,2.2300144,6,has,0.35,0.5,3,3.068052935,是,否,1,2.3,2.708050201,2.992,7.56,y,y,3.207305142,否,20,1
已婚,e,本科,l,2,2.234306252,10,has,0.12,0.2,2,2.867898902,是,是,1,4.67,4.599152114,1.259,8.47,n,y,3.725693427,否,20,1
已婚,y,专科,l,2,0,10,no,0,0,0.5,2.302585093,是,是,0,0,3.328626689,2.8,3,y,y,2.451005098,否,4,1
已婚,t,本科,m,2,3.173878459,8,has,0.2,0.4,3,3.292126287,否,否,1,4.9,4.472780998,3.5,12.06,y,y,4.362991613,否,20,1
已婚,m,高中,m,2,0.90016135,8,has,0.1,0.2,10,2.028148247,否,是,1,7.41,5.222515653,0.57,11.4,y,y,4.846546506,否,12,0
未婚,t,UN,h,2,0.916290732,2,has,0,0,1,1.223775432,否,是,1,0,0.824175443,0.5,0.8,y,y,0.470003629,否,3,0
已婚,e,专科,m,2,0.31481074,6,has,0.175,0.225,5,1.808288771,否,是,1,0,3.374168709,5,7,y,UN,2.174751721,否,5,1
已婚,m,UN,h,2,0,4,no,0.4,0.7,6.5,2.251291799,是,否,0,5,4.445588116,3.6,12.3,y,y,2.96838677,否,20,0
已婚,t,专科,l,4,0.625938431,4,no,0.1,0,0.3,1.095273387,否,否,0,0,1.064710737,0.75,0.8,y,y,2.378619779,否,3.6,0
已婚,m,UN,h,2,0,1,no,0.09,0.1,2,0.530628251,否,是,0,0,2.397895273,2.5,3.7,y,y,2.269369513,否,4,0
未婚,y,本科,h,4,2.302585093,4,no,0.25,0.4,2,2.251291799,否,是,0,0,3.749504076,8,9,y,y,2.321406847,否,8,0
已婚,m,高中,l,2,0,2,no,0.6,0,1,0.693147181,是,否,0,0.18,1.16315081,0.59,1.1,UN,y,1.386294361,否,7,0
已婚,t,专科,h,2,2.344686269,8,has,0.15,0.3,2,2.406945108,否,是,1,8.3,4.982921456,1.549,14.07,y,n,3.135494216,否,20,0
已婚,m,UN,h,2,0.988946221,6,has,0,0,3,2.587764035,否,是,1,1.62,1.969905655,1.851,4.96,UN,UN,2.944438979,否,20,0
离异,t,专科,h,4,0,0,no,0.3,0.4,0.5,0,否,是,0,0,0,1.5,1.5,y,y,1.751041636,否,4,0
已婚,m,UN,h,4,0,0,no,0.2,0.3,1.6,0,是,是,0,0,1.042041937,2.4,3,UN,y,1.386294361,否,10,0
已婚,t,高中,h,4,0.641853886,2,no,0,0,1.5,1.30833282,否,否,0,0.36,1.695615609,6.8472,10.296,UN,UN,2.708050201,否,5,0
已婚,m,专科,h,2,3.605497845,16,has,0.15,0.3,2,3.910021003,否,是,1,7.7,5.401776075,4.2,17,UN,y,5.379897354,否,20,0
未婚,t,专科,h,4,1.504077397,7,has,0.3,0.7,4,1.945910149,是,否,1,3.39,3.471966453,2.7,8.7,UN,UN,3.091042453,否,20,0
已婚,m,专科,h,2,3.063390922,15,has,0,0,10,3.377587516,否,是,1,0,5.053694784,12.6,18,y,y,3.63758616,否,15,0
已婚,m,初中,l,2,0,1,no,0.1,0.45,4,1.00E-04,否,是,0,0,4.615120517,4,6,y,y,4.304065093,否,18,0
已婚,e,初中,h,4,0.064100925,3,has,0.5,0.7,4,0.916290732,否,是,1,2.89,4.564348191,3.193,8.69,y,y,3.610917913,否,20,0
已婚,m,高中,h,4,0.542324291,4,has,0.25,0.5,8,2.104134154,是,是,1,7.89,5.141663557,2.78,15.25,y,y,4.6000109,否,20,0
离异,e,高中,h,4,2.844909384,10,has,0.3,0.4,4,3.068052935,否,是,1,2.42,0,2.57,7.16,y,y,2.646415903,否,15,0
已婚,m,大专,h,3,2.215937286,18,has,0.175,0.3,5,3.927896355,是,否,1,0.69,2.066862759,0.5826,18.18,y,UN,3.708682081,否,10,0
已婚,m,高中及以下,m,2,0,0,no,0.12,0.1,2,0,是,是,0,6.958,4.828313737,1.4,9.94,y,UN,4.970160462,否,20,0
已婚,t,本科,m,2,1.504077397,3,has,0.4,0.5,5,1.740466175,是,是,1,0,4.141546164,1.29,4.7,y,y,3.301377046,否,10,0
已婚,m,专科,h,2,0.3074847,5,no,0.2,0.35,2,1.791759469,是,是,0,2.2,4.025351691,8.4,12,y,y,4.80811103,否,15,0
已婚,t,专科,h,3,1.16315081,8,has,0.08,0.11,8,1.568615918,否,是,1,6.54,5.536152467,3.008,13.64,y,y,5.150789044,否,20,0
已婚,t,初中,h,2,1.223775432,3,no,0,0.7,1,1.621366483,否,是,0,0,1.916922612,1.18,2.4,y,y,1.223775432,否,4,0
离异,m,高中,m,6,2.464278682,6,no,0,0,5,2.595254707,是,是,0,0,0,25,40,UN,y,3.723280881,否,9.3,0
已婚,m,初中,h,4,0,0,no,0,0,1.3,0,否,否,0,0,0.612479277,-0.2,0.5,y,y,0.36983793,否,6,0
已婚,m,硕士,h,2,1.95160817,5,no,0.3,0.5,2.3,2.370243741,否,是,0,0,3.877431561,3,4.5,y,y,3.977810746,否,10,0
已婚,m,初中,h,4,0.440317319,1,has,0.12,0.43,3,0.916290732,否,是,1,0.28,0.212850762,9.345,13.75,y,UN,4.128470589,否,20,0
已婚,m,高中,h,2,0.39041915,5,no,0.175,0.25,1,1.330623076,否,是,0,0.53,0.425267735,0.8686,1.998,y,y,1.823338882,否,8,0
已婚,e,本科,h,6,2.109461403,3,no,0,0,5,2.51418224,否,否,0,0,4.361441201,8,12,y,y,3.617033644,否,10,0
未婚,t,本科,l,2,3.126760536,13,has,0.4,0.8,5,3.19047635,是,否,1,0,3.61361697,1.9,4.3,y,y,3.349904087,否,10,1
已婚,e,初中,h,4,0,0,has,0.12,0.14,5,0,是,否,1,3.74,4.981343789,2.51,8.93,y,y,4.008011137,否,18,0
已婚,m,初中,m,2,0.574138394,7,has,0.15,0.3,5,1.526056303,否,否,2,1.2,2.778819272,2.37,5.1,UN,y,3.835141961,否,12,0
未婚,y,本科,m,2,0.336472237,1,no,0.1,0.4,3,0.405465108,是,否,0,0.25,1.62924054,4,6.12,y,y,4.007333185,否,20,0
已婚,m,专科,h,2,1.48790264,15,no,0.15,0.45,4,3.349904087,否,是,0,0.59,4.615120517,11.5405,17.3065,y,y,4.340553386,否,16,0
已婚,t,专科,l,4,0.4717521,2,no,0,0,0.5,1.16315081,否,是,0,0,0.587786665,0.4,0.5,UN,y,1.244154594,否,3,1
已婚,m,专科,h,2,0,13,has,0.14,0.3,5,2.219203484,否,是,1,2.73,4.925077406,2.268,7.14,y,y,4.824652644,否,20,0
已婚,m,高中,h,2,2.379546134,10,has,0.25,0.5,6,2.772588722,UN,是,2,2.57,4.635699391,2.42,7.138,y,y,4.053522568,否,12,1
已婚,t,专科,h,2,0,1,has,0.3,0,0.5,0.09531018,否,否,1,0.3,1.32175584,1.18,2.12,y,y,0.792992516,否,3,0
已婚,m,专科,h,4,2.723286865,17,has,0,0,3,3.021682631,否,是,1,0,2.697999865,0.42,0.6,y,y,0.488580015,否,10,0
未婚,t,本科,m,2,2.014903021,9,has,0.7,0.75,4,3.246490992,是,是,1,1.28,3.288401888,3.39,6.391,y,y,2.595254707,否,9,0
已婚,m,高中,h,2,0.016660441,2,no,0.175,0,1,0.336472237,否,是,0,0,0.392042088,2.8,4,y,y,1.689579077,否,2,0
已婚,m,高中,h,2.5,0.543486406,3,no,0.12,0.35,2,1.300355136,否,是,0,1.7,2.079441542,1.1,3.87,y,y,3.294725137,否,18,0
已婚,e,专科,m,3,2.708050201,6,has,0.15,0.325,10,3.091042453,否,是,1,3.8,4.672828834,16.85,29.5,y,y,4.420044702,否,16,0
已婚,e,高中,h,2,0,0,no,0,0,1,0,否,是,0,0,4.795790546,0.35,0.5,y,y,4.420044702,否,5,0
已婚,y,高中,m,4,0.09531018,1,no,0,0,0.5,0.470003629,否,是,0,0,0.09531018,1,1.7,UN,y,0.580146441,否,4,0
离异,y,本科,h,4,0.405465108,2,no,0,0,0.5,1.791759469,否,是,0,0,0.867100488,0.3,0.42,n,y,0.350656872,否,10,0
已婚,m,高中,h,4,0.698731559,2,has,0.39,0.55,3.5,1.098612289,否,是,1,3.1,4.498697941,7.61,15.3,y,y,3.247529363,否,20,0
已婚,t,高中,h,4,0,0,no,0,0,0.25,0,否,是,0,0,0,0.28,0.4,UN,UN,0.385262401,否,3,0
已婚,m,本科,h,6,2.197224577,12,no,0.12,0.4,1,2.564949357,是,是,0,3,4.838343273,6.1,13,UN,y,4.916324615,否,8,0
未婚,y,本科,m,2,1.223775432,3,no,0,0,0.2,2.197224577,否,否,0,0,0.58221562,-0.025,0.65,y,y,0.470003629,否,2,0
已婚,e,高中及以下,h,2,0,0,no,0.4,0.6,0.15,0,否,是,0,0,0,0.63,0.9,y,UN,0.666854539,否,1,0
离异,e,初中,l,4,0.106969221,1,no,0.3,0.4,0.3,0.182321557,否,是,0,0,0,0.308,0.44,y,y,0.336472237,否,2,1
已婚,m,高中,h,4,0.008563231,6,no,0.22,0.35,2.5,0.78845736,否,是,0,1.6,3.363841595,2.3,5.62,y,y,3.375698361,否,12,0
离异,y,本科,l,4,1.344899286,5,has,0.35,0.5,4,1.481604541,是,是,1,2.53,5.240688254,6.19,12.465,UN,y,3.891820298,否,14,0
已婚,m,专科,l,4,1.526056303,3,has,0.15,0.25,1.2,1.704748092,否,是,1,0,3.481240089,6.18,10,UN,y,2.539236994,否,4,0
已婚,t,本科,m,2,1.029619417,8,no,0.5,0.6,3,2.116255515,否,是,0,0.35,1.504077397,1.295,2.35,y,y,1.193922468,否,10,0
已婚,m,本科,m,2,2.884800713,17,has,0.15,0.225,5,3.194583132,是,是,1,3.42,4.390738575,2.355,8.25,y,y,4.016383021,否,8,0
离异,m,专科,m,4,0.177141497,5,has,0.15,0.21,2,1.386294361,否,是,2,0.67,3.919991175,3.572,6.04,y,y,3.151491659,否,20,0
已婚,t,本科,m,4,1.757857918,3,has,0,0,0.87,1.978239036,否,是,1,0,0.871293366,-0.425,0.35,y,n,0.306675549,否,4,0
已婚,e,专科,h,2,0.463734016,2,has,0.15,0.25,4,0.741937345,否,UN,1,0,3.424262655,16.6,31,y,y,2.292534757,否,2.7,1
已婚,t,专科,l,2,2.219866308,18,has,0.3,0,0,3.056587457,是,是,1,1.87,4.21582446,0.708,3.54,y,y,3.617033644,否,4,0
已婚,m,初中,h,1,0.130852808,1,has,0.1,0.15,5,0.405465108,否,是,1,1.6,4.075841091,10.1,16.72,y,y,3.044522438,否,20,1
离异,e,UN,m,2,1.704748092,15,no,0.15,0.25,2.4,2.557227311,否,是,0,0,0.972671065,-0.5,2,y,y,1.146322505,否,4,0
已婚,t,专科,h,4,2.312535424,17,has,0,0,1.5,3.265759411,否,是,1,0,3.828641396,12,20,y,n,2.541601993,否,8,0
已婚,y,高中,h,2,0,1,no,0.45,0.6,4,0.048790164,否,否,0,1.26,3.502549876,1.63,4.13,y,y,2.091864062,否,20,0
未婚,y,本科,m,4,0.667829373,1,has,0,0,0.7,2.727852828,是,是,1,0,1.098612289,-0.468,0.36,y,y,0.510845624,否,6,0
已婚,e,高中,h,4,3.340310851,7,has,0,0,1,3.433987204,是,是,1,0,4.220977213,0.21,0.3,y,UN,0.779324877,否,4,1
未婚,t,本科,l,4,2.696867912,12,no,0.1,0.4,4,3.054001182,是,是,0,2.73,5.478135793,6.51,11.55,UN,n,3.617033644,否,20,1
离异,m,专科,m,6,1.506208458,4,has,0,0,3,1.871802177,是,是,1,0,4.510859507,1.8,5,UN,UN,4.90823336,否,3.8,0
已婚,t,本科,m,4,2.674355525,10,has,0.2,0.4,8,2.980618636,是,UN,1,7.34,5.094976443,3.65,15.7,y,y,5.214954779,否,20,0
离异,m,UN,h,2,0,1,no,0.15,0.17,1,0.09531018,否,是,1,1.3,2.408745289,0.39,2.414,n,y,2.721953106,否,8,0
已婚,m,专科,h,4,0.020096702,1,no,0,0,0.5,1.791759469,否,是,0,0,0.790727509,0.35,0.6,UN,UN,1.064710737,否,8,0
已婚,m,高中,h,3,0,13,no,0.1,0.15,2,1.410986974,是,是,0,4.6,3.995260604,1.6125,8.87,UN,y,4.077537444,否,16.6,0
已婚,t,本科,m,4,1.696825885,10,has,0.24,0.4,8,2.116255515,否,是,1,7.3,4.771531723,0.86,11.65,y,y,4.933237918,否,15,0
已婚,t,UN,h,3,0,2,has,0.07,0.1,2,0.587786665,是,是,1,6.63,4.15261347,0.51,10.2,y,y,3.903990834,否,10,0
未婚,y,专科,h,3,0,0,no,0,0,0.3,0,否,否,0,0,0,0.25,0.36,y,y,0.313715249,否,2,0
已婚,t,本科,m,4,2.627873596,8,has,0.25,0.45,6,3.210843653,否,是,1,0,4.553876892,0.56,0.8,y,y,3.950241293,否,18,0
已婚,t,高中,h,3,0.812928219,4,has,0.2,0.4,2,2.376857337,否,是,6,0.88,2.850706502,0.87,2.5,y,n,5.176299439,否,15,0
已婚,m,本科,l,4,2.831058082,14,has,0.5,0.6,10,3.8637651,否,是,1,3.07,4.297285406,3.083,8.79,y,y,3.68064817,否,15,0
已婚,m,专科,h,3,0.231111721,3,no,0,0.3,5,0.741937345,是,是,0,0,4.016383021,5.9,9.7,y,UN,3.280911216,否,5,0
离异,m,高中,l,4,0,0,no,0,0,0.35,0,否,是,0,0,0,0.32,0.7,y,n,3.617033644,否,3,0
已婚,y,本科,m,4,0,1,no,0,0,0.3,0,否,是,0,0,0,0.21,0.3,y,y,0.530628251,否,2,1
离异,e,本科,h,2,2.186051277,7,has,0.15,0.4,8,2.821378886,否,是,1,2.44,4.570578741,1.61,2.064,n,y,3.817712326,否,8,0
已婚,e,高中,h,2,0,4,no,0,0,1,1.410986974,否,是,0,0,1.16315081,1.3,2.3,y,y,1.193922468,否,4,0
离异,e,高中,h,2,1.470819316,4,has,0.18,0.3,1.8,1.916922612,否,是,1,0,1.890850372,0.6,2,y,y,2.585618879,否,4,0
已婚,m,高中,h,2,1.065296772,6,no,0.12,0.2,4.1,1.62924054,否,是,0,0,2.890371758,-0.1,4.28,y,y,3.544425773,否,4,0
已婚,e,专科,m,2,2.549445171,18,has,0.375,0.487,6,3.08190997,是,否,1,2.46,4.018183201,0.431,4.13,y,y,2.949688335,否,8,1
未婚,t,专科,h,4,0.967287982,4,has,0,0,1,1.386294361,是,否,1,0.7,1.945910149,0.455,1.65,UN,UN,3.062455906,否,10,0
已婚,e,专科,h,2,3.465735903,24,has,0.1,0.3,2,3.871201011,否,是,1,3.9,5.160777953,5.69,13.7,y,y,4.976733742,否,20,0
已婚,t,专科,m,4,2.587764035,17,has,0.1,0.45,5,3.068052935,是,是,1,1.48,3.88567903,0.4,4.13,y,y,3.433987204,否,10,0
已婚,m,本科,h,2,0.784768748,14,has,0.1,0.15,5,2.697999865,是,是,1,0,0,1.14,2,n,y,0.262364264,否,10,0
已婚,m,专科,h,2,3.555348061,28,has,0.15,0.3,3,3.796612154,否,是,1,9.1,5.260096154,1.14,13,y,UN,4.656813419,否,20,0
已婚,m,专科,h,2,0.620576488,5,no,0.2,0.35,2,1.791759469,是,是,0,1.92,5.093750201,3.246,7.38,y,y,4.618826512,否,20,0
已婚,m,高中,h,3,0.276949686,12,has,0.1,0.2,3,2.58021683,否,是,1,2.5,5.130490256,1.028,5.04,y,y,3.847505817,否,20,0
已婚,m,高中,h,4,0,0,no,0,0,1,0,否,是,0,0,0,1.32,1.88,y,y,3.985273467,否,8,0
已婚,t,高中,m,2,0.128569101,2,no,0.2,0.35,1,0.875468737,否,是,0,0.54,1.098612289,0.385,1.32,y,y,2.157559321,否,9,0
离异,e,专科,m,3,0.741937345,4,has,0.15,0.3,5,2.140066163,否,是,1,0,3.496507561,9,15.06,n,UN,3.280911216,否,8,1
已婚,e,专科,m,3,0.122217633,1,no,0.17,0.2,5,0.405465108,是,是,0,0.32,3.091042453,1.136,2.08,UN,UN,2.791165108,否,8,1
已婚,m,高中,l,2,0,0,no,0.15,0.3,2,0,否,是,0,1.1,1.945910149,0.629,2.47,y,y,3.93971599,否,10,0
未婚,t,专科,h,4,0.157003749,2,no,0,0,0.3,0.530628251,否,是,1,0,0.147557564,0.08,0.4,n,UN,0.347835995,否,2,0
已婚,e,初中,h,3,0,3,no,0.3,0.5,2,1.098612289,是,是,0,1.74,2.112634509,0.815,3.65,y,y,4.093278995,否,6,0
已婚,m,专科,m,3,0,0,no,0.1,0.2625,20,0,否,是,0,5.8,3.756538103,2.47,11.81,y,UN,6.248042875,否,20,0
未婚,t,本科,h,4,0,0,no,0,0,0.5,0,否,否,0,0,0.139761942,1.26,2.91,y,y,1.526056303,否,2,0
离异,m,高中,h,4,0.529568867,1,no,0.15,0.3,1.2,0.693147181,否,是,0,0,1.840549633,0.5,1,y,y,2.691243083,否,4,0
已婚,e,高中,h,3,0.006776984,4,no,0.18,0.4,3,1.435084525,是,是,0,10.37,5.992064367,4.48,21.22,y,y,4.584675599,否,20,0
已婚,m,专科,m,4,0,0,no,0.3,0.5,0.6,0,否,否,0,0,0.896088025,-0.09,1.87,y,y,0.750401423,否,3,0
已婚,e,初中,h,2,1.440948252,4,no,0,0,14,2.066875418,否,是,0,8.2,4.207673248,3.6,16.8,y,y,6.112563856,否,20,0
已婚,m,专科,m,2,2.734367509,8,has,0.175,0.3,6,3.404525172,否,是,1,2.3,3.728100167,0.318,3.74,UN,y,2.706048198,否,6,0
已婚,t,初中,h,4,0.875468737,3,has,0.4,0.65,0.4,1.124929597,否,是,1,0,0.978326123,0.6,1,y,UN,0.470003629,否,3,0
已婚,t,专科,m,2,1.961544437,14,no,0.175,0.3,6,2.644435697,否,是,0,0.4,3.020424886,1.15,2.15,y,y,3.299533728,否,8,0
未婚,t,本科,h,2,0.891301075,8,has,0,0,0.6,2.202764758,是,否,1,0,0.832909123,0.8,1.7,y,y,1.386294361,否,3,0
已婚,t,初中,m,2,0.895557271,2,no,0.3,0.4,6,1.029619417,是,是,0,2.66,4.169761202,0.64,4.7,y,y,2.797281335,否,8,0
已婚,e,初中以下,h,4,0,0,no,0.2,0.4,0.6,0,否,是,0,0,0,0.14,0.2,y,UN,0.993251773,否,4,1
已婚,e,高中,m,2,0.434117351,2,no,0,0,0,0.741937345,否,是,0,0,0.741937345,0.25,0.5,y,y,1.141033005,否,2,0
离异,t,专科,h,4,0,0,no,0,0,0.5,0,否,否,0,0,0,1.4,2,y,y,0.182321557,否,4,1
已婚,m,UN,0,2,2.26896626,4,no,0,0,0,2.587764035,UN,是,0,6.78,4.721173862,0.451,10.33,n,y,3.617033644,否,19,0
已婚,t,大专,m,3,0.828988403,13,no,0.5,0.6,3,1.098612289,是,是,0,1.396,3.899950424,0.319,2.45,y,y,2.772588722,否,3,0
已婚,m,高中,m,4,0,2,no,0,0,0,0.78845736,是,是,0,0,0.587786665,0.31,0.45,y,y,0.371563556,否,3,0
已婚,e,专科,h,3,0.744932854,4,no,0,0,0,1.791759469,否,是,0,0,1.131402111,0.35,0.5,y,y,0.41177847,否,4,0
未婚,e,高中,h,2,0,0,no,0,0,0,0,否,是,0,0,0.182321557,1.1,3.6,UN,y,0.262364264,否,3,0
已婚,m,高中,h,2,0.477041307,2,has,0.05,0.1,2,0.875468737,否,否,1,0.24,2.208274414,1.35,2.275,UN,UN,4.781641329,否,10,1
已婚,t,本科,h,2,1.181941896,12,has,0.25,0.35,5,1.252762968,是,否,1,2.02,3.186352633,2.65,6.68,y,UN,4.234106505,是,7,1
已婚,m,初中,h,3,0,0,no,0,0,0,0,否,是,0,0,0,0.25,0.37,y,y,0.338755343,否,4,0
已婚,m,UN,m,3,0.151088854,4,no,0.1,0.25,4,1.098612289,是,是,0,0.32,3.353406718,2.9,4.67,y,y,3.401197382,否,15,0
离异,m,本科,l,4,1.314556655,8,has,0,0,0.5,2.608664394,否,是,1,0,1.667706821,0.7,1,y,y,3.100092289,否,5,0
未婚,y,本科,h,4,1.197189852,4,no,0,0,1,1.504077397,否,否,0,0,1.435084525,0.25,0.6,y,y,0.693147181,否,3,0
已婚,t,本科,m,4,0.644529252,2,no,0.15,0,1.8,0.652325186,否,否,0,0.87,2.251291799,0.376,1.78,UN,y,3.617033644,否,6,1
已婚,t,专科,h,4,0,0,no,0,0,0.65,0,否,是,0,0,3.109060959,0.8,1.82,y,UN,1.836445987,否,3,1
已婚,m,初中,h,3,0.018625464,2,no,0.15,0.3,5,0.262364264,否,是,0,1.16,2.703372612,2.27,4.9,y,y,3.339321978,否,20,0
已婚,e,本科,h,3,0,2,no,0,0,0,0.693147181,否,是,0,0,0,0.42,0.6,y,UN,2.197224577,否,6.6,0
已婚,e,初中,h,2,0,0,no,0,0,0.35,0,否,是,0,0,0.916290732,0.25,0.5,y,y,0.966223101,否,2,0
未婚,t,本科,h,1,0.114310346,3,no,0,0,0,0.875468737,否,是,0,0,0,0.294,0.42,y,y,0.262364264,否,1,0
未婚,y,本科,l,2,0,0,no,0,0,0.3,0,否,是,0,0,0,0.35,0.5,UN,UN,0.405465108,否,3,0
已婚,m,专科,h,2,1.55965926,11,has,0.25,0.375,4,3.167628845,是,是,1,1.55,3.421000009,0.4184,2.8,y,y,2.459588842,否,6,0
离异,m,本科,h,2,0,17,has,0.1,0.1,0,0,否,是,2,0,0.97455964,0.5,1.2,y,n,0.262364264,否,4,0
已婚,m,专科,h,2,1.459637755,6,has,0.175,0.25,5,2.104134154,是,是,2,0.52,2.90690106,1.286,2.58,y,UN,3.777348102,否,18,0
未婚,t,研究生,m,2,0,2,no,0,0,0.3,1.386294361,否,是,0,0,2.014903021,0.05,0.5,y,y,0.470003629,否,3,0
已婚,t,本科,h,2,0.004191205,1,no,0,0,0.4,0.182321557,否,是,0,0,3.621670704,0.1,0.5,UN,UN,0.470003629,否,3,0
已婚,y,本科,m,4,1.560814734,6,no,0,0,1,2.041220329,是,是,1,0,2.091864062,0.3,1.3,UN,UN,0.405465108,否,4,1
离异,t,专科,h,2,2.485806245,10,has,0,0,0.6,2.812410216,否,是,1,0,3.772760938,0.25,0.6,UN,UN,0.875468737,否,3,0
未婚,y,专科,h,4,1.111857515,5,no,0,0,0.6,1.435084525,否,是,0,0,1.435084525,0.6,1.1,y,y,1.098612289,否,4,0
已婚,t,本科,h,2,2.593514388,9,no,0,0,1,3.700214964,否,是,0,0,4.794136286,0.9,2,UN,UN,2.501435952,否,3,1
已婚,m,专科,h,4,0,1,no,0,0,0.3,0.262364264,否,是,0,0,0,0.959,1.37,y,y,1.791759469,否,4,1
已婚,t,专科,m,2,1.590234705,6,no,0.5,0.6,4,2.163323026,是,否,0,1.09,3.953164949,0.73,2.6,n,y,3.226843995,否,8,0
未婚,t,本科,l,2,0.187392014,2,no,0,0,0.3,0.641853886,是,是,0,0,0,0.28,0.4,n,UN,0.862889955,否,3,0
已婚,t,专科,m,4,1.684693797,7,has,0,0.45,3,2.1102132,否,否,1,0,3.937690752,2.45,6.5,UN,y,2.681021529,否,4,0
已婚,t,本科,h,2,0,0,no,0.12,0.35,0,0,否,是,0,0,0,0.56,0.8,y,y,0.547196125,否,1,0
未婚,y,高中,m,2,1.43389334,4,no,0.25,0.5,4,1.609637892,是,是,0,1,4.279301532,0.3384,2.64,y,UN,3.135494216,否,10,0
离异,t,专科,m,2,1.713347376,7,no,0.125,0.3,4,2.708050201,是,否,0,0,3.005682604,3.4,6,UN,UN,3.407841924,否,4,0
已婚,UN,专科,h,3,0,1,no,0,0,0,0,否,是,0,0,0,0.28,0.4,y,UN,0.811552245,否,4,1
已婚,y,本科,m,2,0.44346713,7,no,0.175,0.45,3,0.875468737,是,否,0,1.73,4.611152258,0.853,3.69,y,y,3.583518938,否,10,0
已婚,y,本科,h,2,0.193426337,1,no,0.3,0.6,2,0.405465108,否,否,0,0,0.336472237,0.8,1.2,y,y,2.509599262,否,4,1
已婚,t,专科,l,4,1.38228634,23,no,0.3,0.5,3,3.254242969,否,是,0,1.82,4.492001488,2.2,5.7,y,n,4.163559631,否,20,0
已婚,t,高中,h,2,0,1,no,0,0,0.3,0.405465108,否,是,0,0,0,0.35,0.5,n,UN,0.262364264,否,1,0
已婚,m,高中,m,2,0.451903302,5,has,0.132457143,0.212001714,2.438885714,1.193922468,UN,是,1,1.195867052,3.647937269,6.7,10,UN,UN,0.292669614,否,12,0
已婚,m,高中,h,2,1.846310784,4,has,0.2,0.3,2.5,2.079441542,是,是,2,1.2,3.808882247,0.62,2.6,y,y,3.850147602,否,6,0
已婚,m,高中,h,2,1.827641281,7,has,0.12,0.35,2,2.518800701,否,是,2,0.62,1.974081026,2.61,4.6,y,y,3.284397612,否,12,0
已婚,e,高中,h,3.333333333,1.342368597,9,has,0.3,0,0.7,1.887069649,是,是,1,0.3,1.386294361,0.22,4.19,y,y,3.707921989,否,5,0
已婚,t,初中,m,2,0.338185055,1,no,0,0,3.5,0.641853886,是,是,0,1.68,3.856510295,0.805,3.55,y,UN,2.980618636,否,12,0
已婚,t,专科,m,2,0,1,no,0.08,0.1,3,0,是,否,0,1.19,3.640214282,0.41,2.28,y,UN,2.833213344,否,8,0
已婚,t,高中,m,3,2.371560631,10,has,0.4,0,4,3.000719815,否,是,1,1.51,4.164181522,5.09,9.44,y,y,3.044522438,否,30,0
离异,m,高中,h,3,1.449644677,5,has,0.1,0.15,5,1.81063029,是,否,7,0.26,1.289232648,2.86,4.45,n,y,3.617033644,是,8,1
已婚,e,专科,h,3,0.399916409,2,no,0.4,0.7,1,1.791759469,是,是,0,0,0.336472237,0.6125,0.875,UN,UN,1.526056303,否,10,0
已婚,e,高中,m,2,0,1,no,0,0,2.5,0.262364264,是,否,0,0,0.832909123,1.5,2.1,y,y,2.907458282,否,8,0
未婚,t,专科,h,2,0.339254078,1,has,0.132457143,0.212001714,2.438885714,0.405465108,UN,否,1,1.195867052,3.647937269,0.6,2.5,UN,UN,0.916290732,否,6,0
已婚,m,本科,h,4,0.958928677,4,no,0.1,0.15,5,2.302685088,是,否,0,0.26,1.289232648,2.86,4.45,n,y,0.262364264,否,10,0
未婚,t,专科,h,4,0,0,no,0,0,0.25,0,是,否,0,0,0,0.21,0.3,UN,UN,3.617033644,否,1,0
已婚,t,专科,h,2,0.62940834,3,no,0.275,0.5,3,1.029619417,是,是,0,0.99,2.954910279,0.79,5.4,y,n,3.33220451,否,12,1
已婚,m,高中,h,2,0.117871921,11,no,0.12,0,6,1.280933845,是,是,0,3.74,4.416428061,2.4,8.88,y,y,3.690161132,否,20,0
已婚,m,专科,h,2,1.521000064,10,no,0.12,0,3,1.774952351,是,是,0,0,3.666122467,6.8,11,UN,y,3.690161132,否,10,0
离异,t,高中,h,3,0.029655885,5,no,0.08,0,0,2.091864062,否,是,0,0.19,3.36729583,2.41,3.996,y,y,3.737669618,否,10,1
已婚,t,本科,m,4,2.738372466,11,no,0.3,0.6,3,3.086486637,否,是,0,0,1.148988496,5.2,10,y,y,2.031851907,否,3,0
离异,m,高中,m,3,0,1,no,0.35,0.6,3,0.405465108,否,是,0,0,0,1.75,2.5,n,y,2.079441542,否,8,0
已婚,t,专科,m,2,0.008662373,1,has,0,0.25,1.5,0.09531018,是,否,1,0.25,1.252762968,1.24,2.136,y,UN,2.956861499,否,10,0
已婚,m,高中,h,4,0,1,has,0,0,0.3,0,否,是,1,0,0,0.56,0.9,y,y,5.298317367,否,4,1
已婚,t,本科,m,2,1.386294361,4,has,0.5,0.6,3,2.014903021,否,是,1,0.22,1.16315081,0.87,1.55,y,y,1.648658626,否,8,0
已婚,m,专科,h,3,0.521706215,9,no,0.05,0.2,3,1.945910149,否,是,0,1.63,3.979681654,2.92,28.6,y,y,5.303304908,否,18,0
已婚,m,本科,m,2,0,14,has,0.15,0.2,5,0,是,是,1,2.13,4.206928923,3.12,7.5,UN,UN,3.951243719,否,12,0
已婚,e,高中,h,3,0.274140802,2,has,0.09,0,1.5,1.791759469,是,是,1,0,0,0.536,0.765,y,y,1.563582438,否,8,0
已婚,m,高中,m,2,0,0,no,0,0,0.25,0,否,是,0,0,0,0.42,0.6,y,y,0.470003629,否,2,0
已婚,t,专科,h,3,0,3,no,0.12,0.18,0.6,1.203632747,否,是,0,0,0.503801009,0.42,0.6,y,y,0.405465108,否,3.7,1
已婚,y,UN,m,4,1.902107526,13,no,0.4,0.5,2,2.809402695,是,是,0,0.2,1.061256502,0.85,1.5,y,y,1.876850949,否,3,0
已婚,t,高中,m,4,0,0,no,0,0,0.3,0,是,是,0,0,0.509825123,0.24,0.6,y,y,0.538946499,否,3,1
离异,t,专科,m,4,0.082685367,3,has,0.2,0,0.4,0.741937345,是,否,1,0,2.814210397,0.42,0.6,y,y,0.943905899,否,4,0
未婚,y,本科,m,3,0,1,no,0.5,0.7,2,0.09531018,是,是,0,0,3.658420247,2.5,3.58,UN,UN,2.406945108,否,8,1
未婚,y,本科,m,3,1.215980423,6,has,0,0,1,1.740466175,是,否,1,0,1.85629799,-0.11,0.6,n,y,1.252762968,否,5,0
已婚,t,本科,l,4,1.373513027,2,has,0,0,0.54,1.885173914,否,是,1,0,0.91228271,0.09,0.6,y,y,0.512823626,否,3,0
离异,m,UN,h,2,0,1,has,0.1,0,1,0.09531018,否,是,2,0.9,2.140066163,1.27,3.1,y,UN,4.130425737,否,8,0
已婚,t,专科,h,3,0.068966204,1,no,0.2,0.35,1.5,0.262364264,否,是,0,0.1,0.916290732,1.3,2,y,y,3.776803331,否,10,0
已婚,t,专科,m,4,0.686575635,3,no,0,0,0.5,0.916290732,否,是,0,0,0.741937345,0.32,0.6,y,UN,0.231111721,否,4,0
已婚,m,大学,h,2,0.571374949,6,no,0.2,0.3,5,1.774952351,是,否,0,0,1.16315081,0.49,0.7,y,y,3.770459441,否,8,0
未婚,t,本科,h,2,0,10,has,0.2,0.475,5,0,否,否,1,1,0,2.5,0.7,UN,UN,2.815408719,否,8,0
离异,m,初中,h,2,0,0,no,0,0,0.2,0,否,否,0,0,1.098612289,0.42,0.6,y,y,1.386294361,否,1,1
离异,m,高中,h,4,0,0,no,0,0.5,1,0,否,是,0,0,0,0.21,0.3,y,y,1.808288771,否,4,0
未婚,t,本科,h,2,1.966160855,16,has,0.3,0.4,15,2.2300144,是,否,1,6,4.418840608,3.45,13.5,y,y,3.931825633,否,8,0
离异,t,专科,m,4,0,0,no,0.2,0.8,1,0,否,是,0,0,0,0.42,0.6,y,UN,3.617033644,否,4,1
未婚,y,高中,m,4,0.476855104,2,no,0,0,0.3,0.667829373,否,否,0,0,0.530628251,0.42,0.6,y,UN,3.617033644,否,4,1
已婚,y,高中,m,4,0,1,no,0,0,0.2,0.09531018,是,否,0,0,0.470003629,0.32,0.6,y,UN,0.587786665,否,3,1
离异,m,专科,m,4,1.280155765,8,no,0.15,0.3,0.6,1.980063098,是,是,0,0.66,3.988984047,1.02,2.4,y,y,2.833213344,是,6,1
未婚,m,本科,m,4,1.48790264,5.597058824,na,0,0,0.4,2.160844862,是,是,0.545454545,0,1.523880024,0.06,0.6,UN,UN,0.587786665,是,7,1
离异,m,专科,m,2,2.390046369,10,no,0.3,0.5,2,2.541609867,否,否,0,0,3.526360525,20,33,y,y,4.107589789,否,4,0
已婚,m,专科,h,2,0.301658939,5,no,0.45,0.7,5,0.693147181,否,是,0,1.13,4.131961426,1.15,3.23,y,y,2.970414466,否,6,0
已婚,e,初中,h,2,0,0,no,0.15,0.3,5,0,否,是,0,0,3.526360525,3.15,4.5,y,UN,3.210843653,否,8,0
已婚,y,本科,h,2,2.570281271,11,no,0.5,0.6,5,2.791165108,是,否,0,3.3,4.700480366,1.53,6.9,UN,UN,3.713572067,否,6,1
已婚,m,本科,h,2,1.764285492,5,no,0.35,0.7,10,3.650684215,是,是,0,4.9,4.672828834,16.1,30,y,UN,4.616110126,否,10,0
离异,m,专科,h,4,0,0,no,0,0,0.3,0,否,是,0,0,0,0.21,0.3,y,y,0.693147181,否,4,0
离异,m,本科,h,2,1.40233994,6,has,0.45,0.5,5,1.766441661,否,是,1,2,1.609437912,0.359,3.037,UN,y,2.533696814,否,6,0
未婚,t,专科,h,4,1.112942453,4,has,0,0.45,1,1.410986974,是,否,1,0.27,1.30833282,0.99,1.8,y,y,1.605751125,否,8,0
丧偶,e,本科,l,4,0.923742895,3,has,0,0,0.3,1.280933845,否,是,2,0,0.949725508,0.24,0.6,y,y,0.218733843,否,3,1
离异,t,本科,h,2,1.295055881,7,no,0.2,0.4,5,2.041220329,是,是,0,0.35,1.504077397,3.85,6,n,y,2.740840024,是,9,1
已婚,e,高中,m,2,0,0,no,0,0,0.2,0,否,否,0,0,0,0.1,0.4,y,UN,0.09531018,否,1,0
已婚,m,高中及以下,h,4,0,2,no,0.3,0.5,0.6,0.693147181,否,是,0,0.37,1.446918983,1.04,2.02,y,y,2.197224577,否,10,0
离异,m,本科,m,2,0.413830024,2,no,0,0,3,0.587786665,否,否,0,0,0.579978482,0.37,0.6,y,y,4.412798293,否,3,0
已婚,e,本科,h,2,0,0,no,0.3,0.45,5,0,是,是,0,1.6,4.189654742,5.14,9.2,UN,UN,3.610106773,否,20,0
已婚,t,本科,h,2,0.097489621,1,no,0,0,1,1.098612289,否,是,0,0,0,0.42,0.6,y,y,4.007333185,否,3,0
未婚,t,专科,m,4,0.001299156,4,no,0.15,0,0.6,0.644429514,是,是,0,0.86,0,1.24,3,y,y,1.386294361,是,8,1
已婚,t,专科,m,4,2.622463264,3,has,0.3,0,0.8,2.772588722,是,否,7,1.02,1.530394705,1.08,3,y,UN,2.564949357,是,8,1
已婚,t,本科,h,2,1.161305358,6,has,0.225,0.4,5,3.555348061,是,否,1,0.68,1.85629799,1.09,2.54,y,y,2.079441542,否,5,0
离异,t,UN,0,4,2.522154264,5,has,0,0,0,3.332240224,UN,是,1,0.5,3.943521672,1.5,3,y,y,3.617033644,否,10,0
未婚,y,专科,m,4,1.659408332,8,no,0,0,0.7,1.960094784,否,否,0,0,1.757857918,0.02,0.6,y,y,3.617033644,否,4,1
未婚,y,专科,h,4,0,1,no,0.2,0,0.3,0,否,否,0,0,0,0.42,0.6,y,y,3.617033644,否,3,0
已婚,t,专科,h,4,0,1,no,0.2,0,0.3,0.09531018,否,否,0,0,0,0.42,0.6,UN,y,3.617033644,否,2,1
已婚,m,专科,h,2,0,0,no,0.15,0.4,5,0,是,是,0,0,4.795790546,5.25,7.5,UN,UN,4.158883083,否,10,0
已婚,t,本科,m,2,1.802864249,7,has,0.2,0.3,4,2.079441542,是,是,1,2.11,3.387774361,0.97,4.4,y,y,2.960105096,否,8,0
未婚,t,高中,m,4,2.299038812,7,has,0.1,0.3,2,2.370243741,否,否,1,0.89,2.151762203,0.92,2.6,y,y,3.317815773,否,3,0
未婚,t,专科,h,4,0,0,no,0,0,1,0,是,是,0,1,4.624972813,2.36,4.8,y,y,3.433987204,否,10,1
离异,t,本科,m,2,0,6,has,0.1,0.25,5,0,否,是,1,0.77,1.824549292,3.43,6,UN,y,3.540959324,否,6,1
已婚,t,大专,m,2,0.568547212,4,no,0.5,0.6,3,0.955511445,是,是,0,0.7,3.109060959,2.59,4.7,y,UN,2.026831591,否,7,0
离异,m,本科,m,4,0,0,no,0,0,0.4,0,是,是,0,0,3.887730313,0.12,0.6,UN,y,2.995732274,是,4,1
已婚,m,专科,h,2,0.259128265,5,no,0,0.3,3,1.375738847,是,是,0,0.25,3.877431561,3.95,6,y,UN,3.258096538,否,15,1
已婚,m,专科,m,4,1.48790264,5.597058824,na,0.15,0.3,0.8,2.160844862,是,否,0.545454545,0.4,3.465735903,2.75,4.5,y,y,3.433987204,是,12,1
已婚,t,高中,m,4,0,1,no,0,0,0.4,0.262364264,否,是,0,0,0.693147181,0.27,0.6,y,y,0.916290732,否,6,1
未婚,t,专科,h,2,0.456665065,2,no,0.4,0.5,5,0.693147181,否,是,0,0.34,1.840549633,1.98,3.32,y,y,2.116255515,否,10,0
已婚,t,本科,m,4,3.464278591,21,has,0,0,3.5,2.160844862,否,否,1,0,0.182321557,-2.49,0.3,y,y,3.617033644,否,4,0
未婚,t,专科,m,4,0,0,no,0,0,3,0,是,否,0,0,0,-0.39,0.3,y,UN,0.292669614,否,3,1
已婚,e,初中,h,2,2.187017102,14,has,0.3,0.4,3,2.379555393,是,是,1,1.87,3.198673118,2.23,5.86,y,UN,2.197224577,否,8,0
已婚,t,高中,h,4,0,0,no,0,0,0.3,0,否,是,0,0,0.182321557,0.42,0.6,y,y,0.405465108,否,4,0
已婚,t,专科,h,4,0.73212748,4,has,0.06,0.29,3,2.079441542,否,是,1,0.6,4.043051268,5.91,9.3,y,y,5.536546555,否,18,0
离异,t,高中,m,4,1.343308569,2,has,0,0,0.3,1.375359796,是,是,7,0,3.713572067,0.05,0.6,y,y,3.617033644,否,6,1
已婚,m,高中,h,4,0.35641491,2,no,0.15,0.2,0.4,0.832909123,否,是,0,0.12,0.336472237,11.14,1.625,y,y,2.489520987,否,7,0
离异,e,本科,h,2,0,8,no,0.15,0.4,5,0,否,否,0,1.3,3.931825633,1.3,8.25,n,y,4.077537444,否,10,0
已婚,t,本科,h,2,2.915974525,19,no,0.25,0.35,6,3.481243166,否,是,0,7.32,4.784988613,1.08,12,y,y,3.90197267,否,8,0
已婚,t,专科,m,3,0.52608855,9,has,0.05,0.1,3,2.261763098,是,是,1,0.37,3.044522438,1.59,2.8,UN,y,4.350277936,否,10,0
已婚,t,本科,h,4,1.495036652,5,has,0.2,0.525,1,2.079566534,否,是,1,0.39,1.589235205,1.36,2.5,n,UN,2.708050201,否,15,1
离异,e,专科,m,4,1.48790264,5.597058824,na,0,0,0.3,2.160844862,是,是,0.545454545,0,1.515127233,0.12,0.6,y,y,0,是,5,1
已婚,t,专科,m,4,0,2,no,0,0,1,0,否,否,0,0.03,0.832909123,0.95,0.98,UN,y,1.223775432,否,5,1
已婚,m,本科,m,3,2.044241734,18,has,0.4,0.5,10,3.753027274,是,是,1,2.86,4.759606539,11.14,20,UN,y,5.866468057,否,20,0
已婚,t,专科,l,4,0,6,no,0,0,0.7,0.667829373,否,是,0,0,1.029619417,0.16,0.6,y,UN,0.693147181,否,9,0
未婚,t,专科,m,4,0,0,no,0,0,0.4,0,是,否,0,0,3.871201011,0.22,0.6,y,y,3.617033644,是,4,1
已婚,m,本科,h,4,1.08973971,3,no,0,0.75,1,1.252762968,是,是,0,1.85,1.029619417,0.845,3.85,n,y,3.456316681,否,10,0
已婚,m,专科,m,4,2.465349992,12,no,0,0,0.5,2.761350813,否,是,0,0,2.472327868,-1.88,0.6,y,y,0.693147181,否,4,1
已婚,t,专科,m,3,2.025170133,13,no,0.1,0.3,4.5,3.201729666,是,否,0,2.5,3.077312261,1.11,5.17,y,y,3.5085559,否,8,0
未婚,m,专科,l,4,1.48790264,5.597058824,na,0,0,0.6,2.160844862,UN,是,0.545454545,0,3.624340933,0.22,0.6,n,y,3.617033644,是,4,1
离异,t,专科,m,3,1.159770102,6,no,0.125,0.3,5,2.944438979,是,是,0,0,3.892840186,3.9,6,UN,y,3.879499814,否,10,0
已婚,t,本科,h,4,0.355083679,5,has,0.2,0.5,0.8,2.116255515,否,是,1,0,0.336472237,0.42,0.6,y,UN,0.854415328,否,10,0
已婚,m,专科,m,4,0.929206957,2,no,0,0,0.3,1.193922468,否,是,0,0,0.916290732,0.42,0.6,y,y,0.405465108,否,4,0
已婚,y,专科,m,4,1.503121384,5,no,0,0,0.3,1.526056303,是,否,0,0.35,1.386294361,0.308,0.94,y,y,0.664078758,否,4,0
离异,t,UN,0,4,1.462468055,6,no,0,0,0,2.442347035,UN,是,0,0,3.387774361,-1.68,0.6,y,y,1.609437912,否,10,0
已婚,m,专科,h,3,0.324977857,12,has,0.4,0.5,5,1.801198118,否,是,1,0.56,3.433987204,2.1,8,UN,UN,2.4765384,否,12,1
已婚,e,高中,h,4,1.723694738,5,has,0.2,0.3,10,2.261763098,是,是,1,7.58,5.365882553,3.97,16.5,y,y,4.02356438,否,10,0
离异,t,专科,l,4,0.052402679,3,no,0,0,0.25,0.470003629,否,是,0,0,0,0.42,0.6,y,y,0.470003629,否,3,1
已婚,m,大专,h,3,0,6,has,0.2,0.3,6,0,是,否,1,4.4,3.433987204,1.2,8,y,y,3.36729583,否,8,0
已婚,e,专科,h,4,0.428269761,5,no,0.5,0.6,0.5,0.946354261,否,是,0,0,0,0.42,0.6,n,y,3.617033644,否,3.4,0
未婚,t,专科,h,4,1.805530873,4,has,0,0,0,2.797281335,否,是,1,0,4.356708827,0.42,0.6,y,UN,3.617033644,否,4,1
已婚,y,专科,h,4,0.91384775,5,no,0,0,1,2.208274414,是,是,0,0,1.064710737,-0.09,0.3,y,y,1.458615023,否,10,1
未婚,t,专科,l,4,0.32570014,2,has,0.4,0.6,1,0.530628251,是,否,2,0,0,0.21,0.3,y,y,0.976293984,否,4,1
未婚,y,本科,m,4,0.821408461,5,no,0,0,0.8,1.960094784,是,是,0,0,1.410986974,-0.17,0.3,n,y,0.470003629,否,5,1
未婚,t,专科,m,4,1.128171091,3,has,0,0,0,1.410986974,否,是,1,0,1.193922468,0.42,0.6,UN,y,3.617033644,否,1,0
未婚,y,专科,l,4,0.282393111,1,no,0,0,0.3,0.916290732,否,是,0,0,3.681351188,0.42,0.6,UN,y,0,否,4,1
离异,e,高中,l,4,0.351994005,1,no,0,0,0.9,0.693147181,否,是,0,0,0,-0.21,0.6,y,y,0.59663628,否,3,0
已婚,t,高中,m,4,0.162628923,1,has,0,0,0.3,0.182321557,是,否,1,0,3.467921014,0.42,0.6,y,y,0.693147181,否,4,1
未婚,y,本科,m,3,1.495821186,10,no,0.35,0.5,4,1.931521412,是,是,0,0.26,1.735189118,1.63,2.7,y,y,2.549445171,否,10,1
已婚,t,专科,l,4,1.442887337,2,has,0,0,0.3,1.740466175,是,是,1,0,0,0.42,0.6,n,y,0.262364264,否,5,0
已婚,m,专科,m,4,1.232735173,27,has,0.25,0.35,10,3.471854645,否,是,1,3.366,0,2.45,8.31,y,n,3.487375078,否,8,0
离异,m,专科,h,4,2.297863966,9,no,0.2,0.3,2.5,2.617395833,否,是,0,1.16,3.020424886,0.47,2.328,y,UN,2.079441542,否,8,1
已婚,m,初中,m,3,1.48790264,5.597058824,na,0.15,0.35,10,2.160844862,是,否,0.545454545,1.195867052,3.647937269,0.02,0.6,y,UN,5.705780477,是,10,1
未婚,t,专科,l,4,1.437201331,9,has,0,0,0.2,1.677096561,否,是,2,0,0,0.42,0.6,y,y,0.339182845,否,3,0
已婚,t,高中,m,3,2.520169219,15,has,0.325,0.4,7,3.662794685,是,是,1,6.15,1.83736998,0.857,10.01,y,y,3.010620886,是,10,1
已婚,e,专科,l,4,0.670185569,8,no,0,0,0.8,3.288215303,否,是,0,0,0,0.19,0.6,y,y,0.611665939,否,5,1
未婚,y,专科,l,2,0.764723379,2,no,0,0,0.4,1.740466175,是,是,0,0,3.919991175,0.17,0.6,y,y,3.617033644,否,4.5,1
已婚,t,专科,h,4,1.362513832,6,has,0.3,0.4,1.5,1.731531644,是,是,1,0,3.979681654,0.19,1.1,y,y,3.617033644,是,6,1
已婚,m,专科,h,2,1.789105952,2,has,0,0,0.5,2.636632965,否,是,1,0,0,-0.28,0.6,UN,y,3.617033644,否,2,0
已婚,t,专科,l,4,0,0,no,0,0,0.7,0,否,是,0,0,3.572345638,0.16,0.6,UN,y,3.617033644,否,8,0
已婚,t,本科,h,4,0.479706405,11,no,0,0,0.3,3.397861825,否,是,0,0,3.737669618,-0.08,0.6,y,UN,0.693147181,否,1,0
已婚,m,本科,h,2,0.46624658,7,has,0,0,0,2.001493514,否,是,1,0,0.385262401,0.42,0.6,UN,UN,3.617033644,否,2,1
已婚,m,高中及以下,h,2,1.48790264,5.597058824,na,0.3,0.5,0.6,2.160844862,否,是,0.545454545,1.195867052,3.647937269,0.05,0.6,UN,UN,2.667228207,否,3,1
已婚,t,本科,h,2,0.084892467,8,no,0,0,0.4,1.233114044,否,是,0,0,0.09531018,0.32,0.6,UN,UN,0.494696242,否,1.2,0
未婚,y,本科,h,2,1.48790264,5.597058824,na,0,0,0.2,2.160844862,否,是,0.545454545,0,0.270027137,0.32,0.6,UN,UN,0.262364264,否,1,0
已婚,t,本科,l,2,1.240343306,9,no,0,0,0.3,2.750470917,是,是,0,1.195867052,3.647937269,0.22,0.6,UN,y,0.615185639,否,1,0
离异,m,本科,l,2,1.34338686,6,has,0,0,0.3,1.526056303,否,是,1,0,0,0.32,0.6,UN,UN,0.576613364,否,1,0
已婚,t,专科,h,2,0,0,no,0,0,0.3,0,否,是,0,0,0,0.21,0.3,UN,UN,0.470003629,否,1,1
已婚,m,本科,h,4,1.395055867,6,no,0,0,0.9,2.509599262,否,是,0,0,3.555348061,-0.18,0.6,y,y,0.494696242,否,2.4,0
离异,e,专科,h,4,1.48790264,5.597058824,na,0,0,1.5,2.160844862,否,是,0.545454545,0,0,-0.58,0.6,UN,UN,0.494696242,否,2,1
已婚,m,专科,h,4,0.038162461,5,no,0,0,0.3,0.993251773,否,是,0,0,0,0.42,0.6,y,UN,3.617033644,否,2,0
已婚,e,专科,h,4,0,1,no,0,0,0.6,1.386294361,否,是,0,0,0,0.42,0.6,y,y,0.559615788,否,10,1
离异,e,本科,h,2,0.445326642,6,no,0,0,0.5,2.577181926,否,是,0,0,3.935739532,0.19,0.3,UN,UN,3.617033644,否,3,0
未婚,t,专科,m,2,0,0,no,0,0.3,2,0,否,是,0,0,4.060443011,-0.48,0.6,UN,UN,3.617033644,否,5,0
已婚,e,高中,m,3,0.771912149,3,no,0,0,0.5,1.223775432,是,是,0,0,3.417726684,-0.08,0.6,y,UN,3.617033644,否,2,0
已婚,m,本科,m,2,0,0,no,0,0,0.8,0,否,是,0,0,2.151762203,-0.04,0.6,UN,UN,3.617033644,否,5,0
已婚,m,本科,m,3,1.783744098,7,has,0.02,0.1211,0.8,2.996856641,否,是,2,0,0,0.12,0.6,UN,UN,3.617033644,否,2,0
已婚,t,本科,m,3,0.651387246,2,no,0,0,0.9,0.916290732,否,是,0,0,4.025351691,0.12,0.6,UN,UN,3.617033644,否,10,0
已婚,m,高中及以下,h,2,0,2,no,0.3,0.5,1.5,0.693147181,否,是,0,0,1.036736885,0.66,0.6,UN,UN,0.741937345,否,2,1
未婚,t,专科,h,2,1.48790264,5.597058824,na,0,0,0.2,2.160844862,否,是,0.545454545,0,1.589235205,0.37,0.6,UN,UN,3.617033644,否,1,1
已婚,t,本科,h,2,0.403529903,2,has,0,0,0.3,1.252762968,否,是,2,0,0,0.27,0.6,UN,UN,3.617033644,否,1,1
已婚,e,本科,h,2,0,5,no,0,0,0.5,1.504099619,否,是,0,0,1.945910149,0.27,0.6,UN,UN,3.617033644,否,1.5,1
已婚,t,本科,h,2,1.600397168,2,no,0,0,0.3,1.945910149,否,是,0,0,0,0.42,0.6,y,UN,3.617033644,否,1.2,1
已婚,t,本科,m,3,1.648677856,9,no,0,0,0.8,3.135494216,否,是,0,0,0,-0.08,0.6,UN,UN,3.617033644,否,1,1
已婚,m,本科,h,4,0.397029629,2,has,0,0,0.3,2.970414466,否,是,1,0,0,0.28,0.6,y,UN,3.617033644,否,5,1
离异,m,本科,h,4,1.48790264,5.597058824,has,0,0,0.3,2.160844862,否,是,1,0,0,0.37,0.6,UN,UN,0.587786665,否,5,1
已婚,m,本科,h,2,1.528943436,15,has,0,0,0.4,2.967852211,否,是,1,0,0,0.22,0.6,UN,UN,3.617033644,否,1,1
已婚,e,本科,h,2,0.731887009,10,no,0,0,0.4,3.120442373,否,是,0,0,0,0.32,0.6,UN,UN,0.445454756,否,1,1
已婚,t,专科,h,2,1.48790264,5.597058824,UN,0,0,0.3,2.160844862,否,是,0.545454545,0,0,0.27,0.6,UN,UN,0.2749767,否,1,0
已婚,e,本科,h,4,1.48790264,5.597058824,UN,0,0,0.5,2.160844862,否,是,0.545454545,0,0,0.42,0.6,UN,UN,0.405465108,是,3,1
